{"val_loss":3.5265724658966064,"iter":4999,"_timestamp":1.759855926456421e+09,"_step":5,"_wandb":{"runtime":321},"_runtime":321,"train_loss":3.0168263912200928}