{"iter":4000,"_wandb":{"runtime":2057},"_runtime":2057,"_timestamp":1.759858389840933e+09,"_step":8,"train_loss":0.1714453548192978,"val_loss":6.126309871673584}