{"_runtime":257,"iter":4999,"_timestamp":1.7598554067154484e+09,"_step":10,"train_loss":3.2022979259490967,"val_loss":3.615338087081909,"_wandb":{"runtime":257}}